0,1,2,3,4,KD,Koff,Kon
G,A,C,A,G,150.97,0.7976,5423.5
G,A,C,A,C,155.76,0.45645,2943.3
C,A,C,C,C,12.96,0.27324,21478
A,A,C,C,U,40.07,0.33518,8366.3
G,A,C,G,C,109.61,0.80208,7327.3
A,A,C,G,G,144.51,0.50438,3490.5
A,A,C,U,C,534.7,1.283,2401.8
U,C,C,A,U,32.04,0.20308,6325.5
A,C,C,A,G,77.49,0.6424,8397.3
G,C,C,C,U,11.95,0.20233,17103.3
A,C,C,C,U,15.87,0.29814,20226
A,C,C,C,G,15.7,0.1197,7692.3
A,C,C,G,U,62.68,0.4205,6820
G,C,C,G,U,86.08,0.41013,4884
C,C,C,U,C,231.47,0.64018,2777.5
G,C,G,A,C,27.37,0.39657,14643.3
A,C,G,A,G,42.63,0.40056,9967.8
C,C,G,C,C,34.03,0.553,16425
C,C,G,C,C,84.21,0.66763,8046
C,C,G,C,C,160.09,0.5042,3149.8
A,C,G,G,C,81.9,1.0594,12986.7
A,C,G,G,G,91.19,0.97298,10773.5
C,C,G,U,C,73.01,0.4664,6363.8
C,C,U,C,C,66.31,0.32218,4861
G,C,U,U,C,148.47,0.16908,1177.3
A,G,C,A,C,95.73,0.51333,5353.3
A,G,C,C,C,14.56,0.3115,21595
C,G,C,C,C,14.26,0.1335,9417.5
G,G,C,C,G,22.08,0.1312,5914.3
A,G,C,G,A,21.59,0.0333,1500.3
A,G,C,G,U,37.95,0.42533,11207.5
G,G,C,U,C,115.46,0.7466,6507.3
A,G,G,A,C,116.94,0.55607,4754.7
A,G,G,A,U,138.94,0.78493,5731
A,G,G,C,C,50.35,0.4266,8551.3
G,G,G,C,U,50.94,0.13563,2713
G,G,G,C,U,66.35,0.09195,1366.7
C,G,G,C,C,73.93,0.71373,9662.8
A,G,G,G,C,35.42,0.41787,11889.7
U,G,G,U,C,33.58,0.43643,12993.3
A,G,G,U,C,105.51,0.80428,8424
A,G,G,U,C,119.35,0.62374,5289.8
A,G,U,A,U,398.92,0.66595,1653.8
C,G,U,C,C,5.52,0.15507,28056.7
A,G,U,C,A,17.47,0.30835,17685
A,G,U,C,C,45.95,0.3523,7755.8
G,G,U,C,C,67.29,0.49136,7316.8
A,G,U,G,C,159.05,0.90038,5813
A,G,U,U,U,473.5,1.24567,2717.3
A,U,C,C,C,73.44,0.5008,6896.5
C,U,C,C,G,73.36,0.47028,6438.5
G,U,C,C,C,76.78,0.76833,10124.3
C,U,C,C,C,80.71,0.56678,7024.8
G,U,C,U,U,263.28,0.152,606.3
C,A,A,C,U,859.7,1.31533,1596.3
G,A,A,G,G,1394.84,1.71333,1247.5
A,A,G,A,C,1040.96,1.63467,1591.3
C,A,G,C,G,114.77,0.48255,4213.8
A,A,G,C,C,249.63,0.52758,2109.3
A,A,G,G,C,83.39,0.60337,7361
G,A,G,U,U,174.17,1.37867,8003.7
G,A,U,A,G,420.54,1.559,3706
G,A,U,C,G,1033.54,1.224,1226.4
G,A,U,G,G,329.35,0.8103,2460.7
G,C,A,C,G,225.86,0.31493,1452.8
C,C,A,G,C,190.14,0.24403,1302.9
C,C,A,G,C,351.13,0.4033,1160.7
C,C,A,U,C,449.27,0.0408,92.5
C,C,A,U,U,565.3,0.09461,167.6
C,G,A,A,C,748.56,1.03757,1387.3
C,G,A,A,U,812.08,0.93293,1168.7
A,G,A,C,G,167.42,0.40953,2443
A,G,A,C,G,241.67,0.66825,2792.5
G,G,A,C,G,268.81,0.65788,2474
C,G,A,C,G,265.54,0.5047,1897.7
A,G,A,G,U,142.95,0.73607,5138.7
A,G,A,U,G,194.58,0.761,3933.7
G,G,A,U,C,187.27,0.2313,1244.3
U,U,A,C,C,1447.22,0.33195,230
A,U,A,G,C,205.07,0.42423,2060
A,U,G,G,U,374.34,0.4728,1263.3
C,U,U,C,C,470.9,0.6587,1404.7
G,U,U,G,C,238.87,0.29217,1245.3